Dimensions,Wordlist
Digital technology applications,Data management
Digital technology applications,data mining
Digital technology applications,data network
Digital technology applications,data platform
Digital technology applications,data center
Digital technology applications,data science
Digital technology applications,digital control
Digital technology applications,digital technology
Digital technology applications,digital communication
Digital technology applications,digital network
Digital technology applications,digital intelligence
Digital technology applications,digital terminal
Digital technology applications,digital marketing
Digital technology applications,digitalization
Digital technology applications,big data
Digital technology applications,cloud computing
Digital technology applications,cloud IT
Digital technology applications,cloud ecology
Digital technology applications,cloud services
Digital technology applications,cloud platform
Digital technology applications,block chain
Digital technology applications,Internet of Things
Digital technology applications,machine learning
Internet business model,Mobile internet
Internet business model,industrial internet
Internet business model,industrial internet
Internet business model,internet solutions
Internet business model,internet technology
Internet business model,internet thinking
Internet business model,internet action
Internet business model,internet business
Internet business model,internet mobile
Internet business model,internet application
Internet business model,internet marketing
Internet business model,internet strategy
Internet business model,internet platform
Internet business model,internet model
Internet business model,internet business model
Internet business model,internet ecology
Internet business model,e-commerce
Internet business model,e-commerce
Internet business model,internet
Internet business model,internet+
Internet business model,of ine
Internet business model,online to of ine
Internet business model,online and of ine
Internet business model,O2O
Internet business model,B2B
Internet business model,C2C
Internet business model,B2C
Internet business model,C2B
Smart manufacturing,Artificial intelligence
Smart manufacturing,high-end intelligence
Smart manufacturing,industrial intelligence
Smart manufacturing,mobile intelligence
Smart manufacturing,intelligent control
Smart manufacturing,intelligent terminal
Smart manufacturing,intelligent mobile
Smart manufacturing,intelligent management
Smart manufacturing,intelligent factory
Smart manufacturing,intelligent logistics
Smart manufacturing,intelligent manufacturing
Smart manufacturing,intelligent storage
Smart manufacturing,intelligent technology
Smart manufacturing,intelligent equipment
Smart manufacturing,intelligent production
Smart manufacturing,intelligent network
Smart manufacturing,intelligent system
Smart manufacturing,intelligent
Smart manufacturing,automatic control
Smart manufacturing,automatic monitoring
Smart manufacturing,automatic monitoring
Smart manufacturing,automatic detection
Smart manufacturing,automatic production
Smart manufacturing,CNC
Smart manufacturing,integration
Smart manufacturing,integrated
Smart manufacturing,integrated solutions
Smart manufacturing,integrated control
Smart manufacturing,integrated systems
Smart manufacturing,industrial cloud
Smart manufacturing,future factory
Smart manufacturing,intelligent fault diagnosis
Smart manufacturing,life cycle management
Smart manufacturing,manufacturing execution system
Smart manufacturing,virtualization
Smart manufacturing,virtual manufacturing
Smart manufacturing,Information sharing
Smart manufacturing,information management
Smart manufacturing,information integration
Smart manufacturing,information software
Modern information system,information system
Modern information system,information network
Modern information system,information
Modern information system,terminal
Modern information system,information center
Modern information system,informatization
Modern information system,networking
Modern information system,industrial information
Modern information system,industrial
Modern information system,communication